checksum1,checksum2,dataset,dataset_type,join_chunk,join_count,join_schedule,join_task_grain,join_threads,join_throughput,join_time,max_key,nr,ns,offset_task_grain,partition_block_size,partition_chunk,partition_schedule,partition_task_grain,partition_threads,partition_throughput,partition_time,skew_fraction,skew_partition_fraction,time_sec,total_throughput
7970473340851283408,15465518843320288240,uniform,uniform,0,99994796,auto,4,32,489085542.680697,0.040893,1000000,10000000,10000000,2,16384,0,auto,2,64,252149675.778253,0.079318,0.000000,1.000000,0.121477,164640810.126967
7970473340851283408,15465518843320288240,uniform,uniform,0,99994796,auto,4,32,482429209.854238,0.041457,1000000,10000000,10000000,4,16384,0,auto,2,64,243754031.818866,0.082050,0.000000,1.000000,0.124583,160535006.137530
7970473340851283408,15465518843320288240,uniform,uniform,0,99994796,auto,4,32,499883250.592229,0.040009,1000000,10000000,10000000,8,16384,0,auto,2,64,246275172.668021,0.081210,0.000000,1.000000,0.122203,163662073.434325
7970473340851283408,15465518843320288240,uniform,uniform,0,99994796,auto,8,32,489622310.111964,0.040848,1000000,10000000,10000000,2,16384,0,auto,2,64,253911009.892235,0.078768,0.000000,1.000000,0.120571,165877025.352660
