checksum1,checksum2,dataset,dataset_type,join_chunk,join_count,join_schedule,join_threads,join_throughput,join_time,max_key,nr,ns,partition_block_size,partition_chunk,partition_schedule,partition_threads,partition_throughput,partition_time,skew_fraction,skew_partition_fraction,time_sec,total_throughput
7970473340851283408,15465518843320288240,uniform,uniform,0,99994796,static,32,529232551.507350,0.037791,1000000,10000000,10000000,16384,0,static,32,246390718.281397,0.081172,0.000000,1.000000,0.119985,166688150.494303
7970473340851283408,15465518843320288240,uniform,uniform,0,99994796,static,32,540766757.954330,0.036985,1000000,10000000,10000000,32768,0,static,32,253414238.328117,0.078922,0.000000,1.000000,0.116932,171039228.406577
7970473340851283408,15465518843320288240,uniform,uniform,8,99994796,static,32,526658942.440190,0.037975,1000000,10000000,10000000,16384,0,static,32,246876337.913247,0.081012,0.000000,1.000000,0.120061,166581704.670287
