checksum1,checksum2,dataset,dataset_type,join_count,join_threads,join_throughput,join_time,max_key,nr,ns,partition_threads,partition_throughput,partition_time,skew_fraction,skew_partition_fraction,time_sec,total_throughput
6184509756039120692,14835564183138233932,uniform,uniform,2500002634,1,41054286.227440,2.435799,1000000,50000000,50000000,1,51362499.463530,1.946946,0.000000,1.000000,4.385334,22803282.104666
8350617387716418259,7835377718567311310,skewed,skewed_80_5,32408514359,1,43257137.007381,2.311757,1000000,50000000,50000000,1,56782508.689342,1.761106,0.800000,0.050000,4.075090,24539332.464923
13085790484629570082,1587033906749828240,skewed,skewed_90_10,20415549902,1,44689303.710449,2.237672,1000000,50000000,50000000,1,56385177.659566,1.773516,0.900000,0.100000,4.013747,24914373.698088
