checksum1,checksum2,join_count,join_threads,join_throughput,join_time,max_key,nr,ns,partition_threads,partition_throughput,partition_time,time_sec,total_throughput
6185417096973469475,16931092769743058723,2499986166,1,50194111.866985,1.992266,1000000,50000000,50000000,1,51495362.769266,1.941922,3.936549,25402960.717684
6185417096973469475,16931092769743058723,2499986166,1,41430255.910028,2.413695,1000000,50000000,50000000,1,51198740.948931,1.953173,4.369356,22886669.904009
6185417096973469475,16931092769743058723,2499986166,1,41147022.686143,2.430309,1000000,50000000,50000000,1,52127476.207479,1.918374,4.351193,22982202.499092
6185417096973469475,16931092769743058723,2499986166,1,41938687.026403,2.384433,1000000,50000000,50000000,1,51780451.305714,1.931231,4.317963,23159070.028367
6185417096973469475,16931092769743058723,2499986166,1,41291260.930167,2.421820,1000000,50000000,50000000,1,51283579.769396,1.949942,4.374135,22861663.271934
